"﻿ID","Work Item Type","Title","Test Step","Step Action","Step Expected","Automation Status","Area Path","State","Tags"
"","Test Case","TC - [A11y] - 1.1 - Text Alternatives - 1.1.1 - Non-text Content","","","","Not Automated","Accessibility","Ready","A11Y"
"","","","1","Inspect all site images using inspection tools or screen reader","Each image must have an alt attribute with meaningful description or alt='' if decorative","","","",""
"","","","2","Verify functional images (buttons, links) with accessibility inspector","Functional images must describe the action or destination, not just the visual image","","","",""
"","","","3","Review complex images (charts, diagrams) and look for extended descriptions","Complex images must have accessible long description via longdesc, aria-describedby, or adjacent text","","","",""
"","Test Case","TC - [A11y] - 1.2 - Time-based Media - 1.2.1 - Audio-only and Video-only (Prerecorded)","","","","Not Automated","Accessibility","Ready","A11Y"
"","","","1","Play audio-only or video-only content and verify available alternatives","A text transcript or accessible alternative description must exist alongside the content","","","",""
"","","","2","Verify that transcript includes speaker identification and relevant sounds","Transcript must be complete, identify who is speaking, and describe important sounds for comprehension","","","",""
"","Test Case","TC - [A11y] - 1.2 - Time-based Media - 1.2.2 - Captions (Prerecorded)","","","","Not Automated","Accessibility","Ready","A11Y"
"","","","1","Play prerecorded videos on the site","Videos must include synchronized activatable captions covering all dialogue and relevant sounds","","","",""
"","","","2","Verify caption synchronization and accuracy with audio","Captions must appear synchronized with audio, without significant errors, covering relevant sound effects","","","",""
"","Test Case","TC - [A11y] - 1.2 - Time-based Media - 1.2.3 - Audio Description or Media Alternative (Prerecorded)","","","","Not Automated","Accessibility","Ready","A11Y"
"","","","1","Play videos with essential visual content and verify descriptions","Audio description or text alternative must exist describing important visual information","","","",""
"","","","2","Verify that alternative covers all critical visual elements for comprehension","Description must include actions, expressions, scene changes, and unspoken on-screen text","","","",""
"","Test Case","TC - [A11y] - 1.2 - Time-based Media - 1.2.4 - Captions (Live)","","","","Not Automated","Accessibility","Ready","A11Y"
"","","","1","Access live broadcasts if available","Live broadcasts must have real-time captioning","","","",""
"","","","2","Verify accuracy and acceptable delay of live captions","Captions must reflect spoken audio with reasonable accuracy and minimal delay (maximum 3-5 seconds)","","","",""
"","Test Case","TC - [A11y] - 1.2 - Time-based Media - 1.2.5 - Audio Description (Prerecorded)","","","","Not Automated","Accessibility","Ready","A11Y"
"","","","1","Identify prerecorded videos containing essential visual information not conveyed in audio","Videos must include audio description covering actions, characters, scene changes, and relevant visual elements","","","",""
"","","","2","Play video with audio description enabled and verify synchronization","Audio description must be inserted in natural pauses without overlapping main audio","","","",""
"","","","3","Verify that audio description covers all critical visual elements","Essential visual information must be fully described for blind or low vision users","","","",""
"","Test Case","TC - [A11y] - 1.2 - Time-based Media - 1.2.6 - Sign Language (Prerecorded)","","","","Not Automated","Accessibility","Ready","A11Y"
"","","","1","Identify prerecorded audio content (videos with narration or dialogue)","Videos must include sign language interpretation visible on screen or activatable","","","",""
"","","","2","Verify visibility and size of sign language interpreter","Interpreter must be clearly visible, with adequate contrast and sufficient size to distinguish signs","","","",""
"","","","3","Verify synchronization between audio and sign language","Sign interpretation must be synchronized with spoken audio without significant delays","","","",""
"","Test Case","TC - [A11y] - 1.2 - Time-based Media - 1.2.7 - Extended Audio Description (Prerecorded)","","","","Not Automated","Accessibility","Ready","A11Y"
"","","","1","Identify videos where natural pauses are insufficient for audio description","Video must automatically pause to allow extended audio description of complex visual information","","","",""
"","","","2","Play video with extended audio description and verify pauses","Video must pause when needed to describe visual elements, then continue automatically","","","",""
"","","","3","Verify user control over extended audio description","User must be able to enable or disable extended audio description per preference","","","",""
"","","","4","Confirm that extended description does not interfere with content comprehension","Pauses and descriptions must integrate naturally without causing confusion or loss of narrative context","","","",""
"","Test Case","TC - [A11y] - 1.2 - Time-based Media - 1.2.8 - Media Alternative (Prerecorded)","","","","Not Automated","Accessibility","Ready","A11Y"
"","","","1","Locate prerecorded videos and verify availability of complete text document","A complete text transcript must exist including dialogues, visual descriptions, and relevant sounds","","","",""
"","","","2","Review that text alternative describes complete sequence of visual events","Document must function as independent alternative, describing all essential visual information chronologically","","","",""
"","","","3","Verify accessibility of text alternative","Transcript must be in accessible format (HTML, structured document) near the original video","","","",""
"","Test Case","TC - [A11y] - 1.2 - Time-based Media - 1.2.9 - Audio-only (Live)","","","","Not Automated","Accessibility","Ready","A11Y"
"","","","1","Access live audio-only broadcast (podcast, web radio, conference)","An equivalent alternative must be presented synchronized with the live audio","","","",""
"","","","2","Verify delivery method of synchronized alternative","Alternative can be real-time transcript, synchronized text description, or updated equivalent content","","","",""
"","","","3","Verify that alternative captures essential information from live audio","Text content must reflect critical audio information with minimal acceptable delay","","","",""
"","Test Case","TC - [A11y] - 1.3 - Adaptable - 1.3.1 - Info and Relationships","","","","Not Automated","Accessibility","Ready","A11Y"
"","","","1","Inspect HTML code of tables, lists, and headings with DevTools","Tables use thead/tbody/th with scope, lists use ul/ol/li, headings use h1-h6 hierarchically","","","",""
"","","","2","Verify forms with programmatically associated labels","Each input must have label with for attribute or be wrapped in label, visible to screen readers","","","",""
"","","","3","Review related field groups with fieldset and legend","Control groups (radio buttons, checkboxes) must be grouped with fieldset and descriptive legend","","","",""
"","Test Case","TC - [A11y] - 1.3 - Adaptable - 1.3.2 - Meaningful Sequence","","","","Not Automated","Accessibility","Ready","A11Y"
"","","","1","Navigate the site using only Tab and verify reading order","Tab and DOM order must match the logical visual order of content","","","",""
"","","","2","Use screen reader to verify content reading order","Reading order must be logical and coherent, without confusing jumps caused by CSS positioning","","","",""
"","Test Case","TC - [A11y] - 1.3 - Adaptable - 1.3.3 - Sensory Characteristics","","","","Not Automated","Accessibility","Ready","A11Y"
"","","","1","Identify instructions that use only shape, color, or position","Instructions must include descriptive text in addition to visual references (e.g., 'green Submit button' not just 'green button')","","","",""
"","","","2","Verify that critical information does not rely solely on sensory elements","Errors, alerts, or process steps must be communicated with text in addition to color, icons, or sounds","","","",""
"","Test Case","TC - [A11y] - 1.3 - Adaptable - 1.3.4 - Orientation","","","","Not Automated","Accessibility","Ready","A11Y"
"","","","1","Rotate device or change browser orientation","Content must work in portrait and landscape orientation without loss of functionality","","","",""
"","","","2","Verify that content is not locked to a single orientation","Application must not force specific orientation unless essential (e.g., piano app, bank check)","","","",""
"","Test Case","TC - [A11y] - 1.3 - Adaptable - 1.3.5 - Identify Input Purpose","","","","Not Automated","Accessibility","Ready","A11Y"
"","","","1","Inspect form fields in source code","Common fields (name, email, phone) must have appropriate autocomplete attribute","","","",""
"","","","2","Test autocomplete with browser saved data","Fields with correct autocomplete must suggest user saved values when typing begins","","","",""
"","Test Case","TC - [A11y] - 1.3 - Adaptable - 1.3.6 - Identify Purpose","","","","Not Automated","Accessibility","Ready","A11Y"
"","","","1","Review complex UI components and verify programmatic purpose","Components must identify their purpose through ARIA attributes or HTML semantics for assistive technologies","","","",""
"","","","2","Verify icons and interactive elements with accessibility inspector","Buttons, links, and icons must expose their function through appropriate roles and accessible names","","","",""
"","Test Case","TC - [A11y] - 1.4 - Distinguishable - 1.4.1 - Use of Color","","","","Not Automated","Accessibility","Ready","A11Y"
"","","","1","Identify elements where color conveys information (errors, states, links)","Information conveyed by color must include additional indicator (text, icon, pattern)","","","",""
"","","","2","Test site in grayscale mode or with color blindness simulator","All information must remain comprehensible without relying on color to distinguish elements","","","",""
"","Test Case","TC - [A11y] - 1.4 - Distinguishable - 1.4.2 - Audio Control","","","","Not Automated","Accessibility","Ready","A11Y"
"","","","1","Access pages with auto-playing audio","A visible control must exist to pause, stop, or mute audio playing for more than 3 seconds","","","",""
"","","","2","Verify that audio control is keyboard accessible","Control must be operable without mouse, using Tab and Enter/Space","","","",""
"","Test Case","TC - [A11y] - 1.4 - Distinguishable - 1.4.3 - Contrast (Minimum)","","","","Not Automated","Accessibility","Ready","A11Y"
"","","","1","Measure text contrast with tool (e.g., Colour Contrast Analyser)","Normal text: minimum 4.5:1, large text (18pt+ or 14pt bold+): minimum 3:1","","","",""
"","","","2","Verify contrast in all states (normal, hover, focus, disabled)","All interactive element states must meet required contrast ratios","","","",""
"","","","3","Review text over images or gradient backgrounds","Overlaid text must have sufficient contrast throughout or use shadows/overlays","","","",""
"","Test Case","TC - [A11y] - 1.4 - Distinguishable - 1.4.4 - Resize Text","","","","Not Automated","Accessibility","Ready","A11Y"
"","","","1","Zoom to 200% in browser","Text must be readable and content accessible without horizontal scroll or overlaps","","","",""
"","","","2","Verify that controls and buttons remain operable when zoomed","Interactive elements must not be clipped or hidden when text size is increased","","","",""
"","Test Case","TC - [A11y] - 1.4 - Distinguishable - 1.4.5 - Images of Text","","","","Not Automated","Accessibility","Ready","A11Y"
"","","","1","Identify text rendered as image","Text must be in real HTML, not images (except logos or special cases)","","","",""
"","","","2","Inspect graphics and banners for embedded text","Titles, labels, and informative text must be CSS-styled HTML text, not images","","","",""
"","Test Case","TC - [A11y] - 1.4 - Distinguishable - 1.4.6 - Contrast (Enhanced)","","","","Not Automated","Accessibility","Ready","A11Y"
"","","","1","Measure text contrast in critical elements with analysis tools","Normal text: minimum 7:1, large text: minimum 4.5:1 for AAA compliance","","","",""
"","","","2","Document exceptions and plan contrast improvements","Identify areas not meeting AAA and prioritize changes in most critical elements","","","",""
"","Test Case","TC - [A11y] - 1.4 - Distinguishable - 1.4.7 - Low or No Background Audio","","","","Not Automated","Accessibility","Ready","A11Y"
"","","","1","Play audio content and evaluate background sound presence","Background audio must be removable, 20dB lower than main audio, or non-existent","","","",""
"","","","2","Verify control to disable background music if present","User must be able to mute or reduce ambient audio without affecting main narration","","","",""
"","Test Case","TC - [A11y] - 1.4 - Distinguishable - 1.4.8 - Visual Presentation","","","","Not Automated","Accessibility","Ready","A11Y"
"","","","1","Verify if user can customize spacing, column width, alignment, and fonts","System must allow visual presentation adjustments without loss of functionality or content","","","",""
"","","","2","Test readability with OS settings (text size, high contrast)","Content must respect user preferences defined at system level","","","",""
"","Test Case","TC - [A11y] - 1.4 - Distinguishable - 1.4.9 - Images of Text (No Exception)","","","","Not Automated","Accessibility","Ready","A11Y"
"","","","1","Thoroughly review entire site for text rendered as images","No text in image format must exist, all must be real HTML text (no exceptions except logos)","","","",""
"","","","2","Inspect decorative elements and verify text is styled with CSS","Visual text effects must be achieved with CSS, not by converting text to images","","","",""
"","Test Case","TC - [A11y] - 1.4 - Distinguishable - 1.4.10 - Reflow","","","","Not Automated","Accessibility","Ready","A11Y"
"","","","1","Resize window to 320px width or zoom to 400%","Horizontal scrolling must not be required to read content (except complex tables)","","","",""
"","","","2","Test on real mobile device with narrow viewport","All content must adapt fluidly without clipping or need for bidirectional scrolling","","","",""
"","Test Case","TC - [A11y] - 1.4 - Distinguishable - 1.4.11 - Non-text Contrast","","","","Not Automated","Accessibility","Ready","A11Y"
"","","","1","Measure contrast of UI components and focus states","Minimum 3:1 contrast for component borders, functional icons, and focus indicators","","","",""
"","","","2","Verify contrast of informative graphic elements (charts, status icons)","Visual elements conveying information must be clearly distinguishable from background","","","",""
"","Test Case","TC - [A11y] - 1.4 - Distinguishable - 1.4.12 - Text Spacing","","","","Not Automated","Accessibility","Ready","A11Y"
"","","","1","Apply increased spacing CSS (line-height: 1.5, letter-spacing: 0.12em, etc.)","Content must remain readable and functional without clipping or overlaps","","","",""
"","","","2","Verify that buttons and controls do not break with modified spacing","Interactive elements must maintain functionality and readability with custom spacing","","","",""
"","Test Case","TC - [A11y] - 1.4 - Distinguishable - 1.4.13 - Content on Hover or Focus","","","","Not Automated","Accessibility","Ready","A11Y"
"","","","1","Activate tooltips and popup content with hover and keyboard","Additional content must be keyboard accessible, remain visible, and be dismissible without moving pointer","","","",""
"","","","2","Verify that popup content does not disappear when moving pointer over it","User must be able to move cursor over tooltip to read or interact without it disappearing","","","",""
"","","","3","Verify accessible dismiss mechanism (ESC or close button)","Popup content must be dismissible without moving pointer from the trigger that activated it","","","",""
"","Test Case","TC - [A11y] - 2.1 - Keyboard Accessible - 2.1.1 - Keyboard","","","","Not Automated","Accessibility","Ready","A11Y"
"","","","1","Navigate entire site using only keyboard (Tab, Enter, Space, arrows)","All functions must be operable: menus, modals, forms, interactive controls","","","",""
"","","","2","Test complex components (accordions, tabs, calendars)","Custom widgets must respond to appropriate keys (arrows, Home, End, Escape)","","","",""
"","","","3","Verify all mouse actions have keyboard equivalent","Drag and drop, hover menus, touch gestures must have keyboard-operable alternatives","","","",""
"","Test Case","TC - [A11y] - 2.1 - Keyboard Accessible - 2.1.2 - No Keyboard Trap","","","","Not Automated","Accessibility","Ready","A11Y"
"","","","1","Navigate with Tab through all components","User must be able to exit any component using only keyboard (Tab, Shift+Tab, Esc)","","","",""
"","","","2","Test modals, dialogs, and overlays with keyboard navigation","Focus must move freely within component and exit without being trapped","","","",""
"","Test Case","TC - [A11y] - 2.1 - Keyboard Accessible - 2.1.3 - Keyboard (No Exception)","","","","Not Automated","Accessibility","Ready","A11Y"
"","","","1","Verify that absolutely all functions are keyboard operable","No function should require mouse or gestures, all must have keyboard equivalent","","","",""
"","","","2","Document functions requiring specific pointer path","If function requires specific path (signature, drawing), keyboard alternative or alternative method must exist","","","",""
"","Test Case","TC - [A11y] - 2.1 - Keyboard Accessible - 2.1.4 - Character Key Shortcuts","","","","Not Automated","Accessibility","Ready","A11Y"
"","","","1","Test single character keyboard shortcuts if they exist","Shortcuts must be disableable, remappable, or only work when component has focus","","","",""
"","","","2","Verify shortcuts do not interfere with screen readers or assistive tools","Key combinations must avoid conflicts with assistive technology commands","","","",""
"","Test Case","TC - [A11y] - 2.2 - Enough Time - 2.2.1 - Timing Adjustable","","","","Not Automated","Accessibility","Ready","A11Y"
"","","","1","Identify timers or sessions with time limits","User must be able to extend, adjust, or disable time limits before expiration","","","",""
"","","","2","Verify prior warning before time expires","System must alert with sufficient advance notice and allow simple extension (e.g., press button)","","","",""
"","Test Case","TC - [A11y] - 2.2 - Enough Time - 2.2.2 - Pause, Stop, Hide","","","","Not Automated","Accessibility","Ready","A11Y"
"","","","1","Identify auto-moving content (carousels, animations)","Accessible control must exist to pause, stop, or hide content moving for more than 5 seconds","","","",""
"","","","2","Verify pause control is visible and keyboard operable","Pause/play buttons must be clearly visible and accessible without mouse","","","",""
"","Test Case","TC - [A11y] - 2.2 - Enough Time - 2.2.3 - No Timing","","","","Not Automated","Accessibility","Ready","A11Y"
"","","","1","Review all processes and verify existence of timeouts","No time limits should exist in any interaction, or timeless alternatives must exist","","","",""
"","","","2","Document exceptions where time is a real-time requirement","Identify live events or auctions where time limit is essential and cannot be removed","","","",""
"","Test Case","TC - [A11y] - 2.2 - Enough Time - 2.2.4 - Interruptions","","","","Not Automated","Accessibility","Ready","A11Y"
"","","","1","Test system interruptions (notifications, automatic alerts)","User must be able to postpone or suppress interruptions except emergencies","","","",""
"","","","2","Verify notification preferences settings","System must offer controls to manage frequency and type of interruptions","","","",""
"","Test Case","TC - [A11y] - 2.2 - Enough Time - 2.2.5 - Re-authenticating","","","","Not Automated","Accessibility","Ready","A11Y"
"","","","1","Let session expire and re-authenticate","Entered data must be preserved after re-authentication without information loss","","","",""
"","","","2","Test with long forms and verify data recovery","In-progress information must be auto-saved or recoverable after relogin","","","",""
"","Test Case","TC - [A11y] - 2.2 - Enough Time - 2.2.6 - Timeouts","","","","Not Automated","Accessibility","Ready","A11Y"
"","","","1","Identify session timeouts and verify handling","System must warn about timeouts with sufficient notice and allow data saving","","","",""
"","","","2","Verify user can save work before timeout","Warning must include clear option to save progress or extend session","","","",""
"","Test Case","TC - [A11y] - 2.3 - Seizures and Physical Reactions - 2.3.1 - Three Flashes or Below Threshold","","","","Not Automated","Accessibility","Ready","A11Y"
"","","","1","Review site animations and transitions","No content should flash more than 3 times per second","","","",""
"","","","2","Use PEAT (Photosensitive Epilepsy Analysis Tool) if available","Analyze multimedia content to identify flashes that could cause seizures","","","",""
"","Test Case","TC - [A11y] - 2.3 - Seizures and Physical Reactions - 2.3.2 - Three Flashes","","","","Not Automated","Accessibility","Ready","A11Y"
"","","","1","Thoroughly analyze animations, videos, and dynamic content","No flash exceeding safe limits must exist, without exceptions","","","",""
"","","","2","Review embedded third-party content (ads, external videos)","External content must not contain dangerous flashes or must be disableable","","","",""
"","Test Case","TC - [A11y] - 2.3 - Seizures and Physical Reactions - 2.3.3 - Animation from Interactions","","","","Not Automated","Accessibility","Ready","A11Y"
"","","","1","Verify motion animations triggered by scroll or interaction","User must be able to disable non-essential motion animations","","","",""
"","","","2","Verify respect for system prefers-reduced-motion preference","Site must detect and respect OS setting to reduce motion","","","",""
"","Test Case","TC - [A11y] - 2.4 - Navigable - 2.4.1 - Bypass Blocks","","","","Not Automated","Accessibility","Ready","A11Y"
"","","","1","Navigate with keyboard from page start","A 'Skip to main content' link must be visible on Tab press or appropriate ARIA landmarks","","","",""
"","","","2","Verify ARIA landmarks (main, nav, complementary, contentinfo)","Structure must use landmark roles to enable quick navigation with screen readers","","","",""
"","Test Case","TC - [A11y] - 2.4 - Navigable - 2.4.2 - Page Titled","","","","Not Automated","Accessibility","Ready","A11Y"
"","","","1","Review <title> element on each site page","Each page must have a unique descriptive title identifying its content","","","",""
"","","","2","Verify title follows consistent format (content - section - site name)","Titles must follow predictable pattern facilitating identification in tabs and history","","","",""
"","Test Case","TC - [A11y] - 2.4 - Navigable - 2.4.3 - Focus Order","","","","Not Automated","Accessibility","Ready","A11Y"
"","","","1","Navigate with Tab in order and verify visual logic","Focus order must follow logical sequence left to right, top to bottom","","","",""
"","","","2","Identify elements with positive tabindex and evaluate necessity","Avoid tabindex greater than 0, order must be controlled through logical DOM structure","","","",""
"","Test Case","TC - [A11y] - 2.4 - Navigable - 2.4.4 - Link Purpose (In Context)","","","","Not Automated","Accessibility","Ready","A11Y"
"","","","1","Review all site links","Link text or surrounding context must clearly describe its destination (avoid 'click here')","","","",""
"","","","2","Use screen reader to list all links","Links must be understandable when presented out of context in link list","","","",""
"","Test Case","TC - [A11y] - 2.4 - Navigable - 2.4.5 - Multiple Ways","","","","Not Automated","Accessibility","Ready","A11Y"
"","","","1","Try to locate an internal page in different ways","Navigation menu, internal search, sitemap, or breadcrumbs must exist","","","",""
"","","","2","Verify at least two navigation methods are available","User must be able to choose between different strategies to locate content","","","",""
"","Test Case","TC - [A11y] - 2.4 - Navigable - 2.4.6 - Headings and Labels","","","","Not Automated","Accessibility","Ready","A11Y"
"","","","1","Inspect headings (h1-h6) and form labels","Headings must clearly describe sections, labels must identify field purpose","","","",""
"","","","2","Use screen reader to navigate by headings","Heading structure must allow quick understanding of content organization","","","",""
"","Test Case","TC - [A11y] - 2.4 - Navigable - 2.4.7 - Focus Visible","","","","Not Automated","Accessibility","Ready","A11Y"
"","","","1","Navigate with Tab and observe focus indicator","Interactive elements must show clear contrasted visual indicator when focused","","","",""
"","","","2","Verify outline is not disabled without visual replacement","If default outline is removed, equally visible alternative indicator must exist","","","",""
"","Test Case","TC - [A11y] - 2.4 - Navigable - 2.4.8 - Location","","","","Not Automated","Accessibility","Ready","A11Y"
"","","","1","Navigate through different site sections and verify location indicators","Breadcrumbs, section titles, or indicators showing user location must exist","","","",""
"","","","2","Review that breadcrumbs are accessible and reflect correct hierarchy","Breadcrumbs must be keyboard navigable and structured with ordered list","","","",""
"","Test Case","TC - [A11y] - 2.4 - Navigable - 2.4.9 - Link Purpose (Link Only)","","","","Not Automated","Accessibility","Ready","A11Y"
"","","","1","Review link text in isolation, without surrounding context","Each link must be understandable by itself without need for additional context","","","",""
"","","","2","Identify generic links ('more info', 'read more') and improve them","Ambiguous links must include additional context via aria-label or aria-describedby","","","",""
"","Test Case","TC - [A11y] - 2.4 - Navigable - 2.4.10 - Section Headings","","","","Not Automated","Accessibility","Ready","A11Y"
"","","","1","Review content structure and heading usage","Content must be organized with descriptive headings dividing information into logical sections","","","",""
"","","","2","Verify no long text blocks exist without intermediate headings","Extensive content must be subdivided with headings facilitating scanning and navigation","","","",""
"","Test Case","TC - [A11y] - 2.4 - Navigable - 2.4.11 - Focus Not Obscured (Minimum)","","","","Not Automated","Accessibility","Ready","A11Y"
"","","","1","Navigate with keyboard and verify focus visibility on elements near edges","At least part of focus indicator must remain visible, not completely hidden by other elements","","","",""
"","","","2","Test navigation in areas with sticky headers or floating elements","Sticky bars must not completely cover the focused element","","","",""
"","Test Case","TC - [A11y] - 2.4 - Navigable - 2.4.12 - Focus Not Obscured (Enhanced)","","","","Not Automated","Accessibility","Ready","A11Y"
"","","","1","Verify focus is completely visible in all situations","Focus indicator must be completely visible without any obstruction by other elements","","","",""
"","","","2","Implement auto-scroll when element receives focus outside viewport","Content must auto-adjust to fully show the focused element","","","",""
"","Test Case","TC - [A11y] - 2.4 - Navigable - 2.4.13 - Focus Appearance","","","","Not Automated","Accessibility","Ready","A11Y"
"","","","1","Measure focus indicator area and contrast with specialized tools","Indicator must have sufficient minimum area and high contrast for maximum visibility","","","",""
"","","","2","Calculate that indicator has minimum 2 CSS pixels perimeter or equivalent area","Indicator thickness and area must meet specific WCAG 2.2 requirements","","","",""
"","Test Case","TC - [A11y] - 2.5 - Input Modalities - 2.5.1 - Pointer Gestures","","","","Not Automated","Accessibility","Ready","A11Y"
"","","","1","Identify functions activated by complex gestures (swipe, pinch)","Functions must have alternative with simple single-point gestures (tap, click)","","","",""
"","","","2","Verify carousels, maps, and swipeable components","Alternative buttons or controls must exist for users with motor limitations","","","",""
"","Test Case","TC - [A11y] - 2.5 - Input Modalities - 2.5.2 - Pointer Cancellation","","","","Not Automated","Accessibility","Ready","A11Y"
"","","","1","Test activation of interactive elements","Function must not execute on mousedown/touchstart, must allow cancellation by releasing outside target","","","",""
"","","","2","Verify accidental clicks can be cancelled by dragging outside","User must be able to undo accidental activation by moving pointer before release","","","",""
"","Test Case","TC - [A11y] - 2.5 - Input Modalities - 2.5.3 - Label in Name","","","","Not Automated","Accessibility","Ready","A11Y"
"","","","1","Inspect controls with visible labels using screen reader","Accessible name of control must include text of its visible label","","","",""
"","","","2","Verify voice commands can activate controls using visible text","Voice control users must be able to say visible text to activate element","","","",""
"","Test Case","TC - [A11y] - 2.5 - Input Modalities - 2.5.4 - Motion Actuation","","","","Not Automated","Accessibility","Ready","A11Y"
"","","","1","Identify functions using accelerometer or gyroscope","Functions activated by device motion must have standard UI alternative","","","",""
"","","","2","Verify setting to disable motion actuation","User must be able to disable motion responses to avoid accidental activations","","","",""
"","Test Case","TC - [A11y] - 2.5 - Input Modalities - 2.5.6 - Concurrent Input Mechanisms","","","","Not Automated","Accessibility","Ready","A11Y"
"","","","1","Test site with multiple simultaneous input devices (keyboard + mouse + touch)","Site must support simultaneous use of different input mechanisms without restrictions","","","",""
"","","","2","Verify switching input method does not cause loss of functionality","User must be able to freely switch between keyboard, mouse, and touch without issues","","","",""
"","Test Case","TC - [A11y] - 2.5 - Input Modalities - 2.5.7 - Dragging Movements","","","","Not Automated","Accessibility","Ready","A11Y"
"","","","1","Identify drag and drop functions","Drag and drop functions must have alternative with simple clicks or taps","","","",""
"","","","2","Test keyboard alternatives for reordering elements","Reorderable lists must be manipulable with keyboard (arrows + Space/Enter)","","","",""
"","Test Case","TC - [A11y] - 2.5 - Input Modalities - 2.5.8 - Target Size (Minimum)","","","","Not Automated","Accessibility","Ready","A11Y"
"","","","1","Measure dimensions of touch controls (buttons, links)","Touch targets must have minimum 24x24 CSS pixels or equivalent spacing","","","",""
"","","","2","Verify spacing between adjacent touch targets","If targets are smaller than 24px, sufficient surrounding space must exist to avoid errors","","","",""
"","Test Case","TC - [A11y] - 3.1 - Readable - 3.1.1 - Language of Page","","","","Not Automated","Accessibility","Ready","A11Y"
"","","","1","Inspect lang attribute on <html> tag","Lang attribute must be present and specify correct language of main content","","","",""
"","","","2","Verify correct pronunciation with screen reader","Reader must use voice and pronunciation rules appropriate to declared language","","","",""
"","Test Case","TC - [A11y] - 3.1 - Readable - 3.1.2 - Language of Parts","","","","Not Automated","Accessibility","Ready","A11Y"
"","","","1","Identify text fragments in language different from main","Elements with language change must have appropriate lang attribute","","","",""
"","","","2","Test screen reader reading of quotes or terms in another language","Language changes must be recognized and pronounced correctly","","","",""
"","Test Case","TC - [A11y] - 3.1 - Readable - 3.1.3 - Unusual Words","","","","Not Automated","Accessibility","Ready","A11Y"
"","","","1","Identify jargon, technical terms, or unusual words in content","Glossary, inline definitions, or mechanism to explain uncommon terms must exist","","","",""
"","","","2","Verify accessibility of definitions through links or dfn/abbr elements","Specialized terms must link to accessible explanations","","","",""
"","Test Case","TC - [A11y] - 3.1 - Readable - 3.1.4 - Abbreviations","","","","Not Automated","Accessibility","Ready","A11Y"
"","","","1","Locate abbreviations and acronyms in content","First instance of abbreviations must include full expansion or link to definition","","","",""
"","","","2","Implement abbr element with title attribute where appropriate","Abbreviations must be semantically marked for assistive technologies","","","",""
"","Test Case","TC - [A11y] - 3.1 - Readable - 3.1.5 - Reading Level","","","","Not Automated","Accessibility","Ready","A11Y"
"","","","1","Evaluate text complexity and required reading level","Complex content must have simplified version or summary for lower secondary education level","","","",""
"","","","2","Use readability analysis tools (Flesch-Kincaid, INFLESZ)","Measure readability indices and provide alternatives for technical or complex content","","","",""
"","Test Case","TC - [A11y] - 3.1 - Readable - 3.1.6 - Pronunciation","","","","Not Automated","Accessibility","Ready","A11Y"
"","","","1","Identify words where pronunciation is critical for comprehension","Mechanism to indicate pronunciation must exist (IPA, audio, phonetic text)","","","",""
"","","","2","Verify homographs and ambiguous terms with pronunciation guides","Words with multiple pronunciations must be clarified when context is insufficient","","","",""
"","Test Case","TC - [A11y] - 3.2 - Predictable - 3.2.1 - On Focus","","","","Not Automated","Accessibility","Ready","A11Y"
"","","","1","Navigate with Tab through interactive elements","No element should cause context change (navigation, submission) just by receiving focus","","","",""
"","","","2","Verify form fields do not submit when focused","Focus must be independent of activation, changes must only occur with explicit action","","","",""
"","Test Case","TC - [A11y] - 3.2 - Predictable - 3.2.2 - On Input","","","","Not Automated","Accessibility","Ready","A11Y"
"","","","1","Interact with forms and controls without activating submit button","Field changes must not cause context change without prior warning or confirmation","","","",""
"","","","2","Test selects and radios that may cause automatic navigation","If change causes action, prior warning or confirmation button must be required","","","",""
"","Test Case","TC - [A11y] - 3.2 - Predictable - 3.2.3 - Consistent Navigation","","","","Not Automated","Accessibility","Ready","A11Y"
"","","","1","Compare menus and navigation across different pages","Repeated navigation elements must appear in same order across all pages","","","",""
"","","","2","Document location of global elements (search, login, main menu)","Common components must maintain consistent position and order throughout site","","","",""
"","Test Case","TC - [A11y] - 3.2 - Predictable - 3.2.4 - Consistent Identification","","","","Not Automated","Accessibility","Ready","A11Y"
"","","","1","Identify components with same function across different pages","Equivalent components must use same labels, icons, and accessible names","","","",""
"","","","2","Verify consistency of icons and symbols throughout site","Same icon must represent same function, avoid different symbols for identical actions","","","",""
"","Test Case","TC - [A11y] - 3.2 - Predictable - 3.2.5 - Change on Request","","","","Not Automated","Accessibility","Ready","A11Y"
"","","","1","Verify significant changes require explicit user action","Context changes, submissions, or navigation must not occur without explicit confirmation","","","",""
"","","","2","Identify and fix automatic submissions or unexpected redirects","User must initiate all important changes through clear buttons or links","","","",""
"","Test Case","TC - [A11y] - 3.2 - Predictable - 3.2.6 - Consistent Help","","","","Not Automated","Accessibility","Ready","A11Y"
"","","","1","Search for help mechanisms in different sections","Help options must appear in consistent location throughout site","","","",""
"","","","2","Verify quick access to contact, FAQ, chat, or documentation","Help must be available predictably in fixed location","","","",""
"","Test Case","TC - [A11y] - 3.3 - Input Assistance - 3.3.1 - Error Identification","","","","Not Automated","Accessibility","Ready","A11Y"
"","","","1","Submit form with intentional errors","Errors must be clearly identified in text, visually marked, and announced to screen readers","","","",""
"","","","2","Verify error messages use aria-describedby or aria-invalid","Errors must be programmatically associated with affected fields for assistive technologies","","","",""
"","","","3","Verify focus moves to first error or error summary","After validation, user must be clearly directed to found problems","","","",""
"","Test Case","TC - [A11y] - 3.3 - Input Assistance - 3.3.2 - Labels or Instructions","","","","Not Automated","Accessibility","Ready","A11Y"
"","","","1","Review all form fields","Each field must have visible and programmatically associated label, with clear instructions if needed","","","",""
"","","","2","Verify fields with specific formats (date, phone, zip code)","Fields with format requirements must include examples or input masks","","","",""
"","Test Case","TC - [A11y] - 3.3 - Input Assistance - 3.3.3 - Error Suggestion","","","","Not Automated","Accessibility","Ready","A11Y"
"","","","1","Trigger validation errors in forms","Error messages must suggest how to fix the specific problem","","","",""
"","","","2","Evaluate message quality: must be specific and solution-oriented","Errors must explain what is wrong and how to fix it, not just indicate there is an error","","","",""
"","Test Case","TC - [A11y] - 3.3 - Input Assistance - 3.3.4 - Error Prevention (Legal, Financial, Data)","","","","Not Automated","Accessibility","Ready","A11Y"
"","","","1","Complete financial or legal transactions if they exist","Must allow reviewing, confirming, and correcting information before final submission","","","",""
"","","","2","Verify confirmation page with option to edit before final submission","Critical data must be shown in summary with ability to go back and modify","","","",""
"","Test Case","TC - [A11y] - 3.3 - Input Assistance - 3.3.5 - Help","","","","Not Automated","Accessibility","Ready","A11Y"
"","","","1","Search for contextual help in forms and complex tasks","Available help must exist to complete tasks, visible or easily accessible","","","",""
"","","","2","Verify tooltips, help links, or info icons next to complex fields","Help must be available in context where needed, not only on separate page","","","",""
"","Test Case","TC - [A11y] - 3.3 - Input Assistance - 3.3.6 - Error Prevention (All)","","","","Not Automated","Accessibility","Ready","A11Y"
"","","","1","Identify forms that modify, delete, or compromise user data","Reversible mechanism (undo), verification (review before submit), or explicit confirmation must exist","","","",""
"","","","2","Test form submission with critical information","System must present review screen where user can verify and correct before confirming","","","",""
"","","","3","Verify availability of option to revert completed actions","Destructive actions must allow undo or have grace period before permanent execution","","","",""
"","","","4","Verify explicit confirmations for irreversible actions","Deletions, transfers, or permanent changes must require clear and specific additional confirmation","","","",""
"","Test Case","TC - [A11y] - 3.3 - Input Assistance - 3.3.7 - Redundant Entry","","","","Not Automated","Accessibility","Ready","A11Y"
"","","","1","Complete multi-step forms","Previously provided information must auto-complete or be selectable, not re-entered","","","",""
"","","","2","Verify data from previous steps is pre-filled in later steps","User must not re-type name, address, or other already entered data","","","",""
"","Test Case","TC - [A11y] - 3.3 - Input Assistance - 3.3.8 - Accessible Authentication (Minimum)","","","","Not Automated","Accessibility","Ready","A11Y"
"","","","1","Test login and authentication process","Must offer accessible alternatives to visual CAPTCHA or cognitive tests (email, SMS, biometrics)","","","",""
"","","","2","Verify availability of magic link or OTP code authentication","Alternative methods must be equally secure without requiring visual recognition","","","",""
"","Test Case","TC - [A11y] - 3.3 - Input Assistance - 3.3.9 - Accessible Authentication (Enhanced)","","","","Not Automated","Accessibility","Ready","A11Y"
"","","","1","Evaluate all available authentication methods","System must offer methods not relying on object recognition or complex cognitive tests","","","",""
"","","","2","Document and promote use of biometric authentication or password managers","Authentication options must include AAA methods not requiring complex memory","","","",""
"","Test Case","TC - [A11y] - 4.1 - Compatible - 4.1.1 - Parsing (Obsolete and removed)","","","","Not Automated","Accessibility","Ready","A11Y"
"","","","1","Validate HTML with W3C Validator or similar tool","No critical errors must exist: duplicate IDs, improperly nested tags, missing required attributes","","","",""
"","","","2","Review dynamically generated code with browser inspector","JavaScript generating content must produce valid and well-formed HTML","","","",""
"","Test Case","TC - [A11y] - 4.1 - Compatible - 4.1.2 - Name, Role, Value","","","","Not Automated","Accessibility","Ready","A11Y"
"","","","1","Inspect custom controls with accessibility inspector","All controls must expose correct name, role, and value to accessibility API","","","",""
"","","","2","Test custom widgets with screen reader","Components must announce correctly with appropriate ARIA role, state, and properties","","","",""
"","","","3","Verify state changes are reflected in ARIA attributes","Dynamic states (expanded, selected, pressed) must be updated programmatically","","","",""
"","Test Case","TC - [A11y] - 4.1 - Compatible - 4.1.3 - Status Messages","","","","Not Automated","Accessibility","Ready","A11Y"
"","","","1","Trigger dynamic messages (confirmation, error, loading)","Messages must be announced in screen readers using appropriate ARIA live regions","","","",""
"","","","2","Verify correct usage of role=alert, aria-live=polite/assertive","Critical messages use assertive, informational use polite, without moving focus","","","",""
"","","","3","Test with screen reader that announcements interrupt or wait appropriately","Live regions must be configured by message urgency without causing excessive interruptions","","","",""
