TCID,Test Summary,Issue Type,Priority,Labels,Step #,Action,Data,Expected Result
"1","TC - [A11y] - 1.1 - Text Alternatives - 1.1.1 - Non-text Content","Test","Medium","A11Y;A","1","Inspeccionar todas las imágenes del sitio con herramienta de inspección o lector de pantalla","","Cada imagen debe tener atributo alt con descripción significativa o alt='' si es decorativa"
"1","","","","","2","Verificar imágenes funcionales (botones, enlaces) con inspector de accesibilidad","","Imágenes funcionales deben describir la acción o destino, no solo la imagen visual"
"1","","","","","3","Revisar imágenes complejas (gráficos, diagramas) y buscar descripciones extendidas","","Imágenes complejas deben tener descripción larga accesible mediante longdesc, aria-describedby o texto adyacente"
"2","TC - [A11y] - 1.2 - Time-based Media - 1.2.1 - Audio-only and Video-only (Prerecorded)","Test","Medium","A11Y;A","1","Reproducir contenido de solo audio o solo video y verificar alternativas disponibles","","Debe existir transcripción textual o descripción alternativa accesible junto al contenido"
"2","","","","","2","Verificar que transcripción incluya identificación de hablantes y sonidos relevantes","","Transcripción debe ser completa, identificar quién habla y describir sonidos importantes para comprensión"
"3","TC - [A11y] - 1.2 - Time-based Media - 1.2.2 - Captions (Prerecorded)","Test","Medium","A11Y;A","1","Reproducir videos pregrabados en el sitio","","Videos deben incluir subtítulos sincronizados activables que cubran todo el diálogo y sonidos relevantes"
"3","","","","","2","Verificar sincronización y precisión de subtítulos con el audio","","Subtítulos deben aparecer sincronizados con el audio, sin errores significativos y cubrir efectos de sonido relevantes"
"4","TC - [A11y] - 1.2 - Time-based Media - 1.2.3 - Audio Description or Media Alternative (Prerecorded)","Test","Medium","A11Y;A","1","Reproducir videos con contenido visual esencial y verificar descripciones","","Debe existir audiodescripción o alternativa textual que describa información visual importante"
"4","","","","","2","Comprobar que alternativa cubra todos los elementos visuales críticos para comprensión","","Descripción debe incluir acciones, expresiones, cambios de escena y texto en pantalla no hablado"
"5","TC - [A11y] - 1.2 - Time-based Media - 1.2.4 - Captions (Live)","Test","Medium","A11Y;AA","1","Acceder a transmisiones en vivo si las hay","","Transmisiones en vivo deben contar con subtitulado en tiempo real"
"5","","","","","2","Verificar precisión y retraso aceptable de subtítulos en vivo","","Subtítulos deben reflejar audio hablado con precisión razonable y retraso mínimo (máximo 3-5 segundos)"
"6","TC - [A11y] - 1.2 - Time-based Media - 1.2.5 - Audio Description (Prerecorded)","Test","Medium","A11Y;AA","1","Identificar videos pregrabados que contengan información visual esencial no transmitida en audio","","Videos deben incluir audiodescripción que describa acciones, personajes, cambios de escena y elementos visuales relevantes"
"6","","","","","2","Reproducir video con audiodescripción activada y verificar sincronización","","Audiodescripción debe insertarse en pausas naturales del diálogo sin solaparse con audio principal"
"6","","","","","3","Verificar que la audiodescripción cubra todos los elementos visuales críticos","","Información visual esencial debe estar completamente descrita para usuarios ciegos o con baja visión"
"7","TC - [A11y] - 1.2 - Time-based Media - 1.2.6 - Sign Language (Prerecorded)","Test","Medium","A11Y;AAA","1","Identificar contenido de audio pregrabado (videos con narración o diálogo)","","Videos deben incluir interpretación en lenguaje de señas visible en pantalla o activable"
"7","","","","","2","Verificar visibilidad y tamaño del intérprete de señas","","Intérprete debe ser claramente visible, con contraste adecuado y tamaño suficiente para distinguir señas"
"7","","","","","3","Comprobar sincronización entre audio y lenguaje de señas","","Interpretación en señas debe estar sincronizada con el audio hablado sin retrasos significativos"
"8","TC - [A11y] - 1.2 - Time-based Media - 1.2.7 - Extended Audio Description (Prerecorded)","Test","Medium","A11Y;AAA","1","Identificar videos donde pausas naturales sean insuficientes para audiodescripción","","Video debe pausarse automáticamente para permitir audiodescripción extendida de información visual compleja"
"8","","","","","2","Reproducir video con audiodescripción extendida y verificar pausas","","Video debe pausarse cuando sea necesario describir elementos visuales, luego continuar automáticamente"
"8","","","","","3","Verificar control del usuario sobre audiodescripción extendida","","Usuario debe poder activar o desactivar audiodescripción extendida según preferencia"
"8","","","","","4","Confirmar que descripción extendida no interfiera con comprensión del contenido","","Pausas y descripciones deben integrarse naturalmente sin causar confusión o pérdida de contexto narrativo"
"9","TC - [A11y] - 1.2 - Time-based Media - 1.2.8 - Media Alternative (Prerecorded)","Test","Medium","A11Y;AAA","1","Localizar videos pregrabados y verificar disponibilidad de documento de texto completo","","Debe existir transcripción textual completa que incluya diálogos, descripciones visuales y sonidos relevantes"
"9","","","","","2","Revisar que alternativa textual describa secuencia completa de eventos visuales","","Documento debe funcionar como alternativa independiente, describiendo toda información visual esencial cronológicamente"
"9","","","","","3","Verificar accesibilidad de la alternativa textual","","Transcripción debe estar en formato accesible (HTML, documento estructurado) cerca del video original"
"10","TC - [A11y] - 1.2 - Time-based Media - 1.2.9 - Audio-only (Live)","Test","Medium","A11Y;AAA","1","Acceder a transmisión de solo audio en vivo (podcast, radio web, conferencia)","","Debe existir alternativa equivalente presentada de forma sincronizada con el audio en vivo"
"10","","","","","2","Verificar método de entrega de alternativa sincronizada","","Alternativa puede ser transcripción en tiempo real, descripción textual sincronizada o contenido equivalente actualizado"
"10","","","","","3","Comprobar que alternativa capture información esencial del audio en vivo","","Contenido textual debe reflejar información crítica del audio con mínimo retraso aceptable"
"11","TC - [A11y] - 1.3 - Adaptable - 1.3.1 - Info and Relationships","Test","Medium","A11Y;A","1","Inspeccionar código HTML de tablas, listas y encabezados con DevTools","","Tablas usan thead/tbody/th con scope, listas usan ul/ol/li, encabezados usan h1-h6 jerárquicamente"
"11","","","","","2","Verificar formularios con labels asociados programáticamente","","Cada input debe tener label con atributo for o estar envuelto en label, visible para lectores de pantalla"
"11","","","","","3","Revisar grupos de campos relacionados con fieldset y legend","","Grupos de controles (radio buttons, checkboxes) deben estar agrupados con fieldset y legend descriptivo"
"12","TC - [A11y] - 1.3 - Adaptable - 1.3.2 - Meaningful Sequence","Test","Medium","A11Y;A","1","Navegar el sitio solo con Tab y verificar orden de lectura","","El orden de tabulación y DOM debe coincidir con el orden visual lógico del contenido"
"12","","","","","2","Usar lector de pantalla para verificar orden de lectura del contenido","","Orden de lectura debe ser lógico y coherente, sin saltos confusos causados por posicionamiento CSS"
"13","TC - [A11y] - 1.3 - Adaptable - 1.3.3 - Sensory Characteristics","Test","Medium","A11Y;A","1","Identificar instrucciones que usan solo forma, color o posición","","Instrucciones deben incluir texto descriptivo además de referencias visuales (ej: 'botón verde Enviar' no solo 'botón verde')"
"13","","","","","2","Verificar que información crítica no dependa únicamente de elementos sensoriales","","Errores, alertas o pasos de proceso deben comunicarse con texto además de color, iconos o sonidos"
"14","TC - [A11y] - 1.3 - Adaptable - 1.3.4 - Orientation","Test","Medium","A11Y;AA","1","Rotar dispositivo o cambiar orientación del navegador","","Contenido debe funcionar en orientación vertical y horizontal sin pérdida de funcionalidad"
"14","","","","","2","Verificar que contenido no esté bloqueado en una sola orientación","","Aplicación no debe forzar orientación específica a menos que sea esencial (ej: app de piano, cheque bancario)"
"15","TC - [A11y] - 1.3 - Adaptable - 1.3.5 - Identify Input Purpose","Test","Medium","A11Y;AA","1","Inspeccionar campos de formulario en código fuente","","Campos comunes (nombre, email, teléfono) deben tener atributo autocomplete apropiado"
"15","","","","","2","Probar autocompletado con datos guardados en navegador","","Campos con autocomplete correcto deben sugerir valores guardados del usuario al comenzar a escribir"
"16","TC - [A11y] - 1.3 - Adaptable - 1.3.6 - Identify Purpose","Test","Medium","A11Y;AAA","1","Revisar componentes de UI complejos y verificar propósito programático","","Componentes deben identificar su propósito mediante atributos ARIA o semántica HTML para tecnologías asistivas"
"16","","","","","2","Verificar iconos y elementos interactivos con inspector de accesibilidad","","Botones, enlaces e iconos deben exponer su función mediante roles y nombres accesibles apropiados"
"17","TC - [A11y] - 1.4 - Distinguishable - 1.4.1 - Use of Color","Test","Medium","A11Y;A","1","Identificar elementos donde el color transmite información (errores, estados, enlaces)","","Información transmitida por color debe incluir indicador adicional (texto, icono, patrón)"
"17","","","","","2","Probar sitio en modo escala de grises o con simulador de daltonismo","","Toda información debe permanecer comprensible sin depender del color para distinguir elementos"
"18","TC - [A11y] - 1.4 - Distinguishable - 1.4.2 - Audio Control","Test","Medium","A11Y;A","1","Acceder a páginas con audio automático","","Debe existir control visible para pausar, detener o silenciar audio que se reproduce más de 3 segundos"
"18","","","","","2","Verificar que control de audio sea accesible por teclado","","Control debe poder operarse sin mouse, usando Tab y Enter/Space"
"19","TC - [A11y] - 1.4 - Distinguishable - 1.4.3 - Contrast (Minimum)","Test","Medium","A11Y;AA","1","Medir contraste de texto con herramienta (ej: Colour Contrast Analyser)","","Texto normal: mínimo 4.5:1, texto grande (18pt+ o 14pt bold+): mínimo 3:1"
"19","","","","","2","Verificar contraste en todos los estados (normal, hover, focus, disabled)","","Todos los estados de elementos interactivos deben cumplir ratios de contraste requeridos"
"19","","","","","3","Revisar texto sobre imágenes o fondos degradados","","Texto superpuesto debe tener contraste suficiente en toda su extensión o usar sombras/overlays"
"20","TC - [A11y] - 1.4 - Distinguishable - 1.4.4 - Resize Text","Test","Medium","A11Y;AA","1","Hacer zoom al 200% en navegador","","Texto debe ser legible y contenido accesible sin scroll horizontal ni superposiciones"
"20","","","","","2","Verificar que controles y botones permanezcan operables al hacer zoom","","Elementos interactivos no deben quedar cortados u ocultos al aumentar tamaño de texto"
"21","TC - [A11y] - 1.4 - Distinguishable - 1.4.5 - Images of Text","Test","Medium","A11Y;AA","1","Identificar texto renderizado como imagen","","Texto debe estar en HTML real, no en imágenes (excepto logos o casos especiales)"
"21","","","","","2","Inspeccionar gráficos y banners en busca de texto embebido","","Títulos, etiquetas y texto informativo deben ser texto HTML estilizado con CSS, no imágenes"
"22","TC - [A11y] - 1.4 - Distinguishable - 1.4.6 - Contrast (Enhanced)","Test","Medium","A11Y;AAA","1","Medir contraste de texto en elementos críticos con herramientas de análisis","","Texto normal: mínimo 7:1, texto grande: mínimo 4.5:1 para cumplimiento AAA"
"22","","","","","2","Documentar excepciones y planificar mejoras de contraste","","Identificar áreas que no cumplen AAA y priorizar cambios en elementos más críticos"
"23","TC - [A11y] - 1.4 - Distinguishable - 1.4.7 - Low or No Background Audio","Test","Medium","A11Y;AAA","1","Reproducir contenido de audio y evaluar presencia de sonido de fondo","","Audio de fondo debe ser removible, estar 20dB más bajo que el audio principal, o no existir"
"23","","","","","2","Verificar control para desactivar música de fondo si existe","","Usuario debe poder silenciar o reducir audio ambiental sin afectar narración principal"
"24","TC - [A11y] - 1.4 - Distinguishable - 1.4.8 - Visual Presentation","Test","Medium","A11Y;AAA","1","Verificar si el usuario puede personalizar espaciado, ancho de columna, alineación y fuentes","","Sistema debe permitir ajustes de presentación visual sin pérdida de funcionalidad o contenido"
"24","","","","","2","Probar legibilidad con configuraciones de sistema operativo (tamaño texto, contraste alto)","","Contenido debe respetar preferencias del usuario definidas a nivel de sistema"
"25","TC - [A11y] - 1.4 - Distinguishable - 1.4.9 - Images of Text (No Exception)","Test","Medium","A11Y;AAA","1","Revisar exhaustivamente todo el sitio en busca de texto renderizado como imagen","","No debe existir texto en formato de imagen, todo debe ser texto HTML real (sin excepciones salvo logotipos)"
"25","","","","","2","Inspeccionar elementos decorativos y verificar que texto sea estilizado con CSS","","Efectos visuales en texto deben lograrse con CSS, no convirtiendo texto en imágenes"
"26","TC - [A11y] - 1.4 - Distinguishable - 1.4.10 - Reflow","Test","Medium","A11Y;AA","1","Ajustar ventana a 320px de ancho o hacer zoom 400%","","No debe requerirse scroll horizontal para leer contenido (excepto tablas complejas)"
"26","","","","","2","Probar en dispositivo móvil real con viewport estrecho","","Todo el contenido debe adaptarse fluidamente sin recortes ni necesidad de scroll bidireccional"
"27","TC - [A11y] - 1.4 - Distinguishable - 1.4.11 - Non-text Contrast","Test","Medium","A11Y;AA","1","Medir contraste de componentes UI y estados de foco","","Contraste mínimo 3:1 para bordes de componentes, iconos funcionales y indicadores de foco"
"27","","","","","2","Verificar contraste de elementos gráficos informativos (gráficas, iconos de estado)","","Elementos visuales que transmiten información deben distinguirse claramente del fondo"
"28","TC - [A11y] - 1.4 - Distinguishable - 1.4.12 - Text Spacing","Test","Medium","A11Y;AA","1","Aplicar CSS de espaciado aumentado (line-height: 1.5, letter-spacing: 0.12em, etc)","","Contenido debe permanecer legible y funcional sin recortes ni superposiciones"
"28","","","","","2","Verificar que botones y controles no se rompan con espaciado modificado","","Elementos interactivos deben mantener su funcionalidad y legibilidad con espaciados personalizados"
"29","TC - [A11y] - 1.4 - Distinguishable - 1.4.13 - Content on Hover or Focus","Test","Medium","A11Y;AA","1","Activar tooltips y contenido emergente con hover y teclado","","Contenido adicional debe ser accesible por teclado, permanecer visible y poder cerrarse sin mover puntero"
"29","","","","","2","Verificar que contenido emergente no desaparezca al mover puntero sobre él","","Usuario debe poder mover cursor sobre tooltip para leer o interactuar sin que desaparezca"
"29","","","","","3","Comprobar mecanismo de cierre accesible (ESC o botón cerrar)","","Contenido emergente debe poder cerrarse sin mover puntero del trigger que lo activó"
"30","TC - [A11y] - 2.1 - Keyboard Accessible - 2.1.1 - Keyboard","Test","Medium","A11Y;A","1","Navegar todo el sitio usando solo teclado (Tab, Enter, Space, flechas)","","Todas las funciones deben ser operables: menús, modales, formularios, controles interactivos"
"30","","","","","2","Probar componentes complejos (acordeones, pestañas, calendarios)","","Widgets personalizados deben responder a teclas apropiadas (flechas, Home, End, Escape)"
"30","","","","","3","Verificar que todas las acciones de mouse tengan equivalente de teclado","","Drag and drop, hover menus, gestos táctiles deben tener alternativas operables por teclado"
"31","TC - [A11y] - 2.1 - Keyboard Accessible - 2.1.2 - No Keyboard Trap","Test","Medium","A11Y;A","1","Navegar con Tab a través de todos los componentes","","Usuario debe poder salir de cualquier componente usando solo teclado (Tab, Shift+Tab, Esc)"
"31","","","","","2","Probar modales, diálogos y overlays con navegación de teclado","","Foco debe poder moverse libremente dentro del componente y salir de él sin quedar atrapado"
"32","TC - [A11y] - 2.1 - Keyboard Accessible - 2.1.3 - Keyboard (No Exception)","Test","Medium","A11Y;AAA","1","Verificar que absolutamente todas las funciones sean operables por teclado","","No debe haber ninguna función que requiera mouse o gestos, todas deben tener equivalente de teclado"
"32","","","","","2","Documentar funciones que requieren trayectoria específica del puntero","","Si función requiere path específico (firma, dibujo), debe existir alternativa de teclado o método alternativo"
"33","TC - [A11y] - 2.1 - Keyboard Accessible - 2.1.4 - Character Key Shortcuts","Test","Medium","A11Y;A","1","Probar atajos de teclado de caracteres individuales si existen","","Atajos deben poder desactivarse, remapearse o solo funcionar cuando componente tiene foco"
"33","","","","","2","Verificar que atajos no interfieran con lectores de pantalla o herramientas asistivas","","Combinaciones de teclas deben evitar conflictos con comandos de tecnologías asistivas"
"34","TC - [A11y] - 2.2 - Enough Time - 2.2.1 - Timing Adjustable","Test","Medium","A11Y;A","1","Identificar temporizadores o sesiones con límite de tiempo","","Usuario debe poder extender, ajustar o desactivar límites de tiempo antes de expirar"
"34","","","","","2","Verificar advertencia previa antes de que expire el tiempo","","Sistema debe alertar con suficiente anticipación y permitir extensión simple (ej: presionar botón)"
"35","TC - [A11y] - 2.2 - Enough Time - 2.2.2 - Pause, Stop, Hide","Test","Medium","A11Y;A","1","Identificar contenido en movimiento automático (carruseles, animaciones)","","Debe existir control accesible para pausar, detener u ocultar contenido que se mueve más de 5 segundos"
"35","","","","","2","Verificar que control de pausa sea visible y operable por teclado","","Botones de pausa/play deben estar claramente visibles y accesibles sin necesidad de mouse"
"36","TC - [A11y] - 2.2 - Enough Time - 2.2.3 - No Timing","Test","Medium","A11Y;AAA","1","Revisar todos los procesos y verificar existencia de timeouts","","No debe haber límites de tiempo en ninguna interacción, o deben existir alternativas sin tiempo"
"36","","","","","2","Documentar excepciones donde tiempo sea requisito real-time","","Identificar eventos en vivo o subastas donde límite de tiempo sea esencial y no pueda eliminarse"
"37","TC - [A11y] - 2.2 - Enough Time - 2.2.4 - Interruptions","Test","Medium","A11Y;AAA","1","Probar interrupciones del sistema (notificaciones, alertas automáticas)","","Usuario debe poder posponer o suprimir interrupciones excepto emergencias"
"37","","","","","2","Verificar configuración de preferencias de notificaciones","","Sistema debe ofrecer controles para gestionar frecuencia y tipo de interrupciones"
"38","TC - [A11y] - 2.2 - Enough Time - 2.2.5 - Re-authenticating","Test","Medium","A11Y;AAA","1","Dejar sesión expirar y volver a autenticarse","","Datos ingresados deben preservarse tras re-autenticación sin pérdida de información"
"38","","","","","2","Probar con formularios largos y verificar recuperación de datos","","Información en progreso debe guardarse automáticamente o recuperarse después de relogin"
"39","TC - [A11y] - 2.2 - Enough Time - 2.2.6 - Timeouts","Test","Medium","A11Y;AAA","1","Identificar timeouts de sesión y verificar manejo","","Sistema debe advertir sobre timeouts con suficiente anticipación y permitir guardar datos"
"39","","","","","2","Verificar que usuario pueda guardar trabajo antes de timeout","","Aviso debe incluir opción clara para guardar progreso o extender sesión"
"40","TC - [A11y] - 2.3 - Seizures and Physical Reactions - 2.3.1 - Three Flashes or Below Threshold","Test","Medium","A11Y;A","1","Revisar animaciones y transiciones del sitio","","No debe haber contenido que destelle más de 3 veces por segundo"
"40","","","","","2","Usar herramienta PEAT (Photosensitive Epilepsy Analysis Tool) si disponible","","Analizar contenido multimedia para identificar destellos que puedan causar convulsiones"
"41","TC - [A11y] - 2.3 - Seizures and Physical Reactions - 2.3.2 - Three Flashes","Test","Medium","A11Y;AAA","1","Analizar exhaustivamente animaciones, videos y contenido dinámico","","No debe existir ningún destello que supere límites seguros, sin excepciones"
"41","","","","","2","Revisar contenido de terceros embebido (ads, videos externos)","","Contenido externo no debe contener destellos peligrosos o debe poder desactivarse"
"42","TC - [A11y] - 2.3 - Seizures and Physical Reactions - 2.3.3 - Animation from Interactions","Test","Medium","A11Y;AAA","1","Verificar animaciones de movimiento activadas por scroll o interacción","","Usuario debe poder desactivar animaciones de movimiento que no sean esenciales"
"42","","","","","2","Comprobar respeto a preferencia prefers-reduced-motion del sistema","","Sitio debe detectar y respetar configuración de sistema operativo para reducir movimiento"
"43","TC - [A11y] - 2.4 - Navigable - 2.4.1 - Bypass Blocks","Test","Medium","A11Y;A","1","Navegar con teclado desde inicio de página","","Debe existir enlace 'Saltar al contenido principal' visible al presionar Tab o landmarks ARIA apropiados"
"43","","","","","2","Verificar landmarks ARIA (main, nav, complementary, contentinfo)","","Estructura debe usar roles de landmark para permitir navegación rápida con lectores de pantalla"
"44","TC - [A11y] - 2.4 - Navigable - 2.4.2 - Page Titled","Test","Medium","A11Y;A","1","Revisar elemento <title> en cada página del sitio","","Cada página debe tener título único y descriptivo que identifique su contenido"
"44","","","","","2","Verificar que título siga formato consistente (contenido - sección - nombre sitio)","","Títulos deben seguir patrón predecible facilitando identificación en pestañas e historial"
"45","TC - [A11y] - 2.4 - Navigable - 2.4.3 - Focus Order","Test","Medium","A11Y;A","1","Navegar con Tab en orden y verificar lógica visual","","Orden de foco debe seguir secuencia lógica de izquierda a derecha, arriba a abajo"
"45","","","","","2","Identificar elementos con tabindex positivo y evaluar necesidad","","Evitar tabindex mayor a 0, orden debe controlarse mediante estructura DOM lógica"
"46","TC - [A11y] - 2.4 - Navigable - 2.4.4 - Link Purpose (In Context)","Test","Medium","A11Y;A","1","Revisar todos los enlaces del sitio","","Texto del enlace o contexto circundante debe describir claramente su destino (evitar 'clic aquí')"
"46","","","","","2","Usar lector de pantalla para listar todos los enlaces","","Enlaces deben ser comprensibles cuando se presentan fuera de contexto en lista de enlaces"
"47","TC - [A11y] - 2.4 - Navigable - 2.4.5 - Multiple Ways","Test","Medium","A11Y;AA","1","Intentar localizar una página interna de diferentes formas","","Debe existir menú de navegación, buscador interno, mapa del sitio o breadcrumbs"
"47","","","","","2","Verificar que al menos dos métodos de navegación estén disponibles","","Usuario debe poder elegir entre diferentes estrategias para localizar contenido"
"48","TC - [A11y] - 2.4 - Navigable - 2.4.6 - Headings and Labels","Test","Medium","A11Y;AA","1","Inspeccionar encabezados (h1-h6) y labels de formularios","","Encabezados deben describir secciones claramente, labels deben identificar propósito de campos"
"48","","","","","2","Usar lector de pantalla para navegar por encabezados","","Estructura de encabezados debe permitir comprensión rápida de organización del contenido"
"49","TC - [A11y] - 2.4 - Navigable - 2.4.7 - Focus Visible","Test","Medium","A11Y;AA","1","Navegar con Tab y observar indicador de foco","","Elementos interactivos deben mostrar indicador visual claro y contrastado al recibir foco"
"49","","","","","2","Verificar que outline no esté desactivado sin reemplazo visual","","Si se elimina outline predeterminado, debe existir indicador alternativo igualmente visible"
"50","TC - [A11y] - 2.4 - Navigable - 2.4.8 - Location","Test","Medium","A11Y;AAA","1","Navegar por diferentes secciones del sitio y verificar indicadores de ubicación","","Debe existir breadcrumbs, títulos de sección o indicadores que muestren ubicación del usuario"
"50","","","","","2","Revisar que breadcrumbs sean accesibles y reflejen jerarquía correcta","","Migas de pan deben ser navegables por teclado y estructuradas con lista ordenada"
"51","TC - [A11y] - 2.4 - Navigable - 2.4.9 - Link Purpose (Link Only)","Test","Medium","A11Y;AAA","1","Revisar texto de enlaces aisladamente, sin contexto circundante","","Cada enlace debe ser comprensible por sí mismo sin necesidad de contexto adicional"
"51","","","","","2","Identificar enlaces genéricos ('más información', 'leer más') y mejorarlos","","Enlaces ambiguos deben incluir contexto adicional mediante aria-label o aria-describedby"
"52","TC - [A11y] - 2.4 - Navigable - 2.4.10 - Section Headings","Test","Medium","A11Y;AAA","1","Revisar estructura de contenido y uso de encabezados","","Contenido debe organizarse con encabezados descriptivos que dividan información en secciones lógicas"
"52","","","","","2","Verificar que no existan bloques de texto largos sin encabezados intermedios","","Contenido extenso debe subdividirse con encabezados que faciliten escaneo y navegación"
"53","TC - [A11y] - 2.4 - Navigable - 2.4.11 - Focus Not Obscured (Minimum)","Test","Medium","A11Y;AA","1","Navegar con teclado y verificar visibilidad del foco en elementos cerca de bordes","","Al menos parte del indicador de foco debe permanecer visible, no completamente oculto por otros elementos"
"53","","","","","2","Probar navegación en áreas con headers fijos o elementos flotantes","","Barras pegajosas no deben cubrir completamente el elemento enfocado"
"54","TC - [A11y] - 2.4 - Navigable - 2.4.12 - Focus Not Obscured (Enhanced)","Test","Medium","A11Y;AAA","1","Verificar que el foco sea completamente visible en todas las situaciones","","Indicador de foco debe estar completamente visible sin ninguna obstrucción por otros elementos"
"54","","","","","2","Implementar scroll automático cuando elemento recibe foco fuera de viewport","","Contenido debe ajustarse automáticamente para mostrar completamente el elemento enfocado"
"55","TC - [A11y] - 2.4 - Navigable - 2.4.13 - Focus Appearance","Test","Medium","A11Y;AAA","1","Medir área y contraste del indicador de foco con herramientas especializadas","","Indicador debe tener área mínima suficiente y contraste alto para máxima visibilidad"
"55","","","","","2","Calcular que indicador tenga perímetro mínimo de 2 píxeles CSS o área equivalente","","Grosor y área del indicador deben cumplir requisitos específicos de WCAG 2.2"
"56","TC - [A11y] - 2.5 - Input Modalities - 2.5.1 - Pointer Gestures","Test","Medium","A11Y;A","1","Identificar funciones activadas por gestos complejos (deslizar, pellizcar)","","Funciones deben tener alternativa con gestos simples de un punto (tap, clic)"
"56","","","","","2","Verificar carruseles, mapas y componentes deslizables","","Debe existir botones o controles alternativos para usuarios con limitaciones motoras"
"57","TC - [A11y] - 2.5 - Input Modalities - 2.5.2 - Pointer Cancellation","Test","Medium","A11Y;A","1","Probar activación de elementos interactivos","","Función no debe ejecutarse en mousedown/touchstart, debe permitir cancelar soltando fuera del objetivo"
"57","","","","","2","Verificar que clics accidentales puedan cancelarse arrastrando fuera","","Usuario debe poder deshacer activación accidental moviendo puntero antes de soltar"
"58","TC - [A11y] - 2.5 - Input Modalities - 2.5.3 - Label in Name","Test","Medium","A11Y;A","1","Inspeccionar con lector de pantalla controles con etiquetas visibles","","Nombre accesible del control debe incluir el texto de su etiqueta visible"
"58","","","","","2","Verificar que comandos de voz puedan activar controles usando texto visible","","Usuarios de control por voz deben poder decir texto visible para activar elemento"
"59","TC - [A11y] - 2.5 - Input Modalities - 2.5.4 - Motion Actuation","Test","Medium","A11Y;A","1","Identificar funciones que usan acelerómetro o giroscopio","","Funciones activadas por movimiento del dispositivo deben tener alternativa con UI estándar"
"59","","","","","2","Verificar configuración para desactivar actuación por movimiento","","Usuario debe poder deshabilitar respuestas a movimiento para evitar activaciones accidentales"
"60","TC - [A11y] - 2.5 - Input Modalities - 2.5.6 - Concurrent Input Mechanisms","Test","Medium","A11Y;AAA","1","Probar sitio con múltiples dispositivos de entrada simultáneos (teclado + mouse + touch)","","Sitio debe soportar uso simultáneo de diferentes mecanismos de entrada sin restricciones"
"60","","","","","2","Verificar que cambiar de método de entrada no cause pérdida de funcionalidad","","Usuario debe poder alternar libremente entre teclado, mouse y touch sin problemas"
"61","TC - [A11y] - 2.5 - Input Modalities - 2.5.7 - Dragging Movements","Test","Medium","A11Y;AA","1","Identificar funciones de arrastrar y soltar","","Funciones de drag and drop deben tener alternativa con clics o taps simples"
"61","","","","","2","Probar alternativas de teclado para reordenar elementos","","Listas reordenables deben poder manipularse con teclado (flechas + Space/Enter)"
"62","TC - [A11y] - 2.5 - Input Modalities - 2.5.8 - Target Size (Minimum)","Test","Medium","A11Y;AA","1","Medir dimensiones de controles táctiles (botones, enlaces)","","Objetivos táctiles deben tener mínimo 24x24 píxeles CSS o espaciado equivalente"
"62","","","","","2","Verificar espaciado entre objetivos táctiles adyacentes","","Si objetivos son menores a 24px, debe existir espacio suficiente alrededor para evitar errores"
"63","TC - [A11y] - 3.1 - Readable - 3.1.1 - Language of Page","Test","Medium","A11Y;A","1","Inspeccionar atributo lang en etiqueta <html>","","Atributo lang debe estar presente y especificar idioma correcto del contenido principal"
"63","","","","","2","Verificar con lector de pantalla que pronunciación sea correcta","","Lector debe usar voz y reglas de pronunciación apropiadas al idioma declarado"
"64","TC - [A11y] - 3.1 - Readable - 3.1.2 - Language of Parts","Test","Medium","A11Y;AA","1","Identificar fragmentos de texto en idioma diferente al principal","","Elementos con cambio de idioma deben tener atributo lang apropiado"
"64","","","","","2","Probar lectura con lector de pantalla de citas o términos en otro idioma","","Cambios de idioma deben ser reconocidos y pronunciados correctamente"
"65","TC - [A11y] - 3.1 - Readable - 3.1.3 - Unusual Words","Test","Medium","A11Y;AAA","1","Identificar jerga, términos técnicos o palabras inusuales en el contenido","","Debe existir glosario, definiciones inline o mecanismo para explicar términos poco comunes"
"65","","","","","2","Verificar accesibilidad de definiciones mediante enlaces o elementos dfn/abbr","","Términos especializados deben vincularse a explicaciones accesibles"
"66","TC - [A11y] - 3.1 - Readable - 3.1.4 - Abbreviations","Test","Medium","A11Y;AAA","1","Localizar abreviaturas y acrónimos en el contenido","","Primera instancia de abreviaturas debe incluir expansión completa o enlace a definición"
"66","","","","","2","Implementar elemento abbr con atributo title donde sea apropiado","","Abreviaturas deben marcarse semánticamente para tecnologías asistivas"
"67","TC - [A11y] - 3.1 - Readable - 3.1.5 - Reading Level","Test","Medium","A11Y;AAA","1","Evaluar complejidad del texto y nivel de lectura requerido","","Contenido complejo debe tener versión simplificada o resumen para nivel de educación secundaria básica"
"67","","","","","2","Usar herramientas de análisis de legibilidad (Flesch-Kincaid, INFLESZ)","","Medir índices de legibilidad y proporcionar alternativas para contenido técnico o complejo"
"68","TC - [A11y] - 3.1 - Readable - 3.1.6 - Pronunciation","Test","Medium","A11Y;AAA","1","Identificar palabras donde pronunciación sea crítica para comprensión","","Debe existir mecanismo para indicar pronunciación (IPA, audio, texto fonético)"
"68","","","","","2","Verificar homógrafos y términos ambiguos con guías de pronunciación","","Palabras con múltiples pronunciaciones deben clarificarse cuando el contexto no sea suficiente"
"69","TC - [A11y] - 3.2 - Predictable - 3.2.1 - On Focus","Test","Medium","A11Y;A","1","Navegar con Tab a través de elementos interactivos","","Ningún elemento debe provocar cambio de contexto (navegación, envío) solo al recibir foco"
"69","","","","","2","Verificar que campos de formulario no envíen al enfocarse","","Foco debe ser independiente de activación, cambios solo deben ocurrir con acción explícita"
"70","TC - [A11y] - 3.2 - Predictable - 3.2.2 - On Input","Test","Medium","A11Y;A","1","Interactuar con formularios y controles sin activar botón enviar","","Cambios en campos no deben causar cambio de contexto sin advertencia o confirmación previa"
"70","","","","","2","Probar selects y radios que puedan causar navegación automática","","Si cambio causa acción, debe advertirse previamente o requerir botón de confirmación"
"71","TC - [A11y] - 3.2 - Predictable - 3.2.3 - Consistent Navigation","Test","Medium","A11Y;AA","1","Comparar menús y navegación en diferentes páginas","","Elementos de navegación repetidos deben aparecer en el mismo orden en todas las páginas"
"71","","","","","2","Documentar ubicación de elementos globales (buscar, login, menú principal)","","Componentes comunes deben mantener posición y orden consistente en todo el sitio"
"72","TC - [A11y] - 3.2 - Predictable - 3.2.4 - Consistent Identification","Test","Medium","A11Y;AA","1","Identificar componentes con misma función en diferentes páginas","","Componentes equivalentes deben usar mismas etiquetas, iconos y nombres accesibles"
"72","","","","","2","Verificar consistencia de iconos y símbolos a través del sitio","","Mismo icono debe representar misma función, evitar símbolos diferentes para acciones idénticas"
"73","TC - [A11y] - 3.2 - Predictable - 3.2.5 - Change on Request","Test","Medium","A11Y;AAA","1","Verificar que cambios significativos requieran acción explícita del usuario","","No deben ocurrir cambios de contexto, envíos o navegación sin confirmación explícita"
"73","","","","","2","Identificar y corregir envíos automáticos o redirecciones inesperadas","","Usuario debe iniciar todos los cambios importantes mediante botones o enlaces claros"
"74","TC - [A11y] - 3.2 - Predictable - 3.2.6 - Consistent Help","Test","Medium","A11Y;A","1","Buscar mecanismos de ayuda en diferentes secciones","","Opciones de ayuda deben aparecer en ubicación consistente a través del sitio"
"74","","","","","2","Verificar acceso rápido a contacto, FAQ, chat o documentación","","Ayuda debe estar disponible de forma predecible en ubicación fija"
"75","TC - [A11y] - 3.3 - Input Assistance - 3.3.1 - Error Identification","Test","Medium","A11Y;A","1","Enviar formulario con errores intencionales","","Errores deben identificarse claramente en texto, marcarse visualmente y anunciarse a lectores de pantalla"
"75","","","","","2","Verificar que mensajes de error usen aria-describedby o aria-invalid","","Errores deben asociarse programáticamente con campos afectados para tecnologías asistivas"
"75","","","","","3","Comprobar que foco se mueva a primer error o resumen de errores","","Tras validación, usuario debe ser dirigido claramente a los problemas encontrados"
"76","TC - [A11y] - 3.3 - Input Assistance - 3.3.2 - Labels or Instructions","Test","Medium","A11Y;A","1","Revisar todos los campos de formularios","","Cada campo debe tener label visible y programáticamente asociado, con instrucciones claras si es necesario"
"76","","","","","2","Verificar campos con formatos específicos (fecha, teléfono, código postal)","","Campos con requisitos de formato deben incluir ejemplos o máscaras de entrada"
"77","TC - [A11y] - 3.3 - Input Assistance - 3.3.3 - Error Suggestion","Test","Medium","A11Y;AA","1","Provocar errores de validación en formularios","","Mensajes de error deben sugerir cómo corregir el problema específico"
"77","","","","","2","Evaluar calidad de mensajes: deben ser específicos y orientados a solución","","Errores deben explicar qué está mal y cómo corregirlo, no solo indicar que hay error"
"78","TC - [A11y] - 3.3 - Input Assistance - 3.3.4 - Error Prevention (Legal, Financial, Data)","Test","Medium","A11Y;AA","1","Completar transacciones financieras o legales si existen","","Debe permitir revisar, confirmar y corregir información antes de envío final"
"78","","","","","2","Verificar página de confirmación con opción de editar antes de envío definitivo","","Datos críticos deben mostrarse en resumen con posibilidad de volver y modificar"
"79","TC - [A11y] - 3.3 - Input Assistance - 3.3.5 - Help","Test","Medium","A11Y;AAA","1","Buscar ayuda contextual en formularios y tareas complejas","","Debe existir ayuda disponible para completar tareas, visible o fácilmente accesible"
"79","","","","","2","Verificar tooltips, enlaces de ayuda o iconos de información junto a campos complejos","","Ayuda debe estar disponible en contexto donde se necesita, no solo en página separada"
"80","TC - [A11y] - 3.3 - Input Assistance - 3.3.6 - Error Prevention (All)","Test","Medium","A11Y;AAA","1","Identificar formularios que modifiquen, eliminen o comprometan datos del usuario","","Debe existir mecanismo reversible (deshacer), de verificación (revisar antes de enviar) o de confirmación explícita"
"80","","","","","2","Probar envío de formularios con información crítica","","Sistema debe presentar pantalla de revisión donde usuario pueda verificar y corregir antes de confirmar"
"80","","","","","3","Verificar disponibilidad de opción para revertir acciones completadas","","Acciones destructivas deben permitir deshacer o tener período de gracia antes de ejecutarse permanentemente"
"80","","","","","4","Comprobar confirmaciones explícitas para acciones irreversibles","","Eliminaciones, transferencias o cambios permanentes deben requerir confirmación adicional clara y específica"
"81","TC - [A11y] - 3.3 - Input Assistance - 3.3.7 - Redundant Entry","Test","Medium","A11Y;A","1","Completar formularios multi-paso","","Información ya proporcionada debe auto-completarse o poder seleccionarse, no reingresarse"
"81","","","","","2","Verificar que datos de pasos anteriores se pre-rellenen en pasos posteriores","","Usuario no debe reescribir nombre, dirección u otros datos ya ingresados"
"82","TC - [A11y] - 3.3 - Input Assistance - 3.3.8 - Accessible Authentication (Minimum)","Test","Medium","A11Y;AA","1","Probar proceso de login y autenticación","","Debe ofrecer alternativas accesibles a CAPTCHA visual o pruebas cognitivas (email, SMS, biometría)"
"82","","","","","2","Verificar disponibilidad de autenticación por enlace mágico o código OTP","","Métodos alternativos deben ser igualmente seguros sin requerir reconocimiento visual"
"83","TC - [A11y] - 3.3 - Input Assistance - 3.3.9 - Accessible Authentication (Enhanced)","Test","Medium","A11Y;AAA","1","Evaluar todos los métodos de autenticación disponibles","","Sistema debe ofrecer métodos que no dependan de reconocimiento de objetos o pruebas cognitivas complejas"
"83","","","","","2","Documentar y promover uso de autenticación biométrica o gestores de contraseñas","","Opciones de autenticación deben incluir métodos AAA que no requieran memoria compleja"
"84","TC - [A11y] - 4.1 - Compatible - 4.1.1 - Parsing (Obsolete and removed)","Test","Medium","A11Y;A","1","Validar HTML con W3C Validator o herramienta similar","","No deben existir errores críticos: IDs duplicados, etiquetas mal anidadas, atributos requeridos faltantes"
"84","","","","","2","Revisar código generado dinámicamente con inspector de navegador","","JavaScript que genera contenido debe producir HTML válido y bien formado"
"85","TC - [A11y] - 4.1 - Compatible - 4.1.2 - Name, Role, Value","Test","Medium","A11Y;A","1","Inspeccionar controles personalizados con inspector de accesibilidad","","Todos los controles deben exponer nombre, rol y valor correcto al API de accesibilidad"
"85","","","","","2","Probar widgets personalizados con lector de pantalla","","Componentes deben anunciarse correctamente con rol, estado y propiedades ARIA apropiadas"
"85","","","","","3","Verificar que cambios de estado se reflejen en atributos ARIA","","Estados dinámicos (expandido, seleccionado, presionado) deben actualizarse programáticamente"
"86","TC - [A11y] - 4.1 - Compatible - 4.1.3 - Status Messages","Test","Medium","A11Y;AA","1","Provocar mensajes dinámicos (confirmación, error, carga)","","Mensajes deben anunciarse en lectores de pantalla usando ARIA live regions apropiados"
"86","","","","","2","Verificar uso correcto de role=alert, aria-live=polite/assertive","","Mensajes críticos usan assertive, informaciones usan polite, sin mover foco"
"86","","","","","3","Probar con lector de pantalla que anuncios interrumpan o esperen apropiadamente","","Live regions deben configurarse según urgencia del mensaje sin causar interrupciones excesivas"
